aaaaaa,bbbbbbbb,cccccccc,dddddddd
213,466,788,989
344,545,678,980
234,345,3465,76
45,768,23,7889
86,756,987,465
234,45553,65445,098
213,466,788,989
344,545,678,980
234,345,3465,76
45,768,23,7889
86,756,987,465
234,45553,65445,099
213,466,788,989
344,545,678,980
234,345,3465,76
45,768,23,7889
86,756,987,465
234,45553,65445,095
213,466,788,989
344,545,678,980
234,345,3465,76
45,768,23,7889
86,756,987,465
234,45553,65445,092
213,466,788,989
344,545,678,980
234,345,3465,76
45,768,23,7889
86,756,987,465
234,45553,65445,090
213,466,788,989
344,545,678,980
234,345,3465,76
45,768,23,7889
86,756,987,465
234,45553,65445,091
213,466,788,989
344,545,678,980
234,345,3465,76
45,768,23,7889
86,756,987,465
234,45553,65445,097
213,466,788,989
344,545,678,980
234,345,3465,76
45,768,23,7889
86,756,987,465
234,45553,65445,096
213,466,788,989
344,545,678,980
234,345,3465,76
45,768,23,7889
86,756,987,465
234,45553,65445,0900
213,466,788,989
344,545,678,980
234,345,3465,76
45,768,23,7889
86,756,987,465
234,45553,65445,092
213,466,788,989
344,545,678,980
234,345,3465,76
45,768,23,7889
86,756,987,465
234,45553,65445,097
213,466,788,989
344,545,678,980
234,345,3465,76
45,768,23,7889
86,756,987,465
234,45553,65445,095
213,466,788,989
344,545,678,980
234,345,3465,76
45,768,23,7889
86,756,987,465
234,45553,65445,098
213,466,788,989
344,545,678,980
234,345,3465,76
45,768,23,7889
86,756,987,465
234,45553,65445,098
213,466,788,989
344,545,678,980
234,345,3465,76
45,768,23,7889
86,756,987,465
234,45553,65445,098
213,466,788,989
344,545,678,980
234,345,3465,76
45,768,23,7889
86,756,987,465
234,45553,65445,098
213,466,788,989
344,545,678,980
234,345,3465,76
45,768,23,7889
86,756,987,465
234,45553,65445,0956
213,466,788,989
344,545,678,980
234,345,3465,76
45,768,23,7889
86,756,987,465
234,45553,65445,056
213,466,788,989
344,545,678,980
234,345,3465,76
45,768,23,7889
86,756,987,465
234,45553,65445,078
213,466,788,989
344,545,678,980
234,345,3465,76
45,768,23,7889
86,756,987,465
234,45553,65445,00596
213,466,788,989
344,545,678,980
234,345,3465,76
45,768,23,7889
86,756,987,465
234,45553,65445,0909
213,466,788,989
344,545,678,980
234,345,3465,76
45,768,23,7889
86,756,987,465
234,45553,65445,0548
213,466,788,989
344,545,678,980
234,345,3465,76
45,768,23,7889
86,756,987,465
234,45553,65445,0565
213,466,788,989
344,545,678,980
234,345,3465,76
45,768,23,7889
86,756,987,465
END234,45553,65445,098END
